page,work_name,stage,submit_time,score,feedback
"1","Solution.zip","报名","2026-05-07 14:06:36","369772388","success"
"1","Solution.zip","报名","2026-05-06 13:37:40","369813370","success"
"1","Solution.zip","报名","2026-05-06 13:15:58","-1","Run timeout."
"1","Solution.zip","报名","2026-05-06 11:56:03","370175952","success"
"1","Solution.zip","报名","2026-05-06 11:32:54","369642620","success"
"1","Solution.zip","报名","2026-05-06 11:09:08","-1","Run timeout."
"1","Solution.zip","报名","2026-05-06 10:54:19","-1","Run timeout."
"1","Solution.zip","报名","2026-05-06 08:58:07","369500272","success"
"1","Solution.zip","报名","2026-05-06 08:42:40","-1","Run timeout."
"1","Solution.zip","报名","2026-05-06 00:48:58","368030143","success"
"2","Solution.zip","报名","2026-05-06 00:36:07","364369963","success"
"2","Solution.zip","报名","2026-05-05 23:44:24","368008659","success"
"2","Solution.zip","报名","2026-05-05 23:17:31","367856248","success"
"2","Solution.zip","报名","2026-05-05 23:10:04","367856248","success"
"2","Solution.zip","报名","2026-05-05 23:00:12","367839284","success"
"2","Solution.zip","报名","2026-05-05 22:53:47","-1","Wrong answer."
"2","Solution.zip","报名","2026-05-05 10:17:36","365901080","success"
"2","Solution.zip","报名","2026-05-03 16:26:16","365934677","success"
"2","Solution.zip","报名","2026-05-03 14:15:45","367839284","success"
"2","code(5).zip","报名","2026-05-01 16:36:25","347830582","success"
"3","code(4).zip","报名","2026-05-01 15:59:46","-1","Wrong answer."
"3","code(3).zip","报名","2026-05-01 13:16:57","350391803","success"
"3","code(2).zip","报名","2026-05-01 11:26:18","344832413","success"
"3","code.zip","报名","2026-05-01 10:48:40","-1","Wrong answer."
"3","code(1).zip","报名","2026-05-01 00:23:42","333565230","success"
"3","code.zip","报名","2026-04-30 23:43:23","332024043","success"
